run_dir,dataset,method,seed,split_index,accuracy,F1Mi,F1Ma,val_accuracy,best_c,train_ratio,val_ratio,test_ratio,shuffle_positives,neg_suppression,semantic_weight,num_negatives,raw_preserved,raw_weight,gcl_weight,rpgcl_auto_choice,semantic_top1_key_sim,rpgcl_auto_hpfs_val_accuracy,rpgcl_auto_hpfs_test_accuracy,rpgcl_auto_raw_preserved_hpfs_val_accuracy,rpgcl_auto_raw_preserved_hpfs_test_accuracy,rpgcl_auto_raw_features_val_accuracy,rpgcl_auto_raw_features_test_accuracy,rpgcl_auto_oracle_choice,rpgcl_auto_oracle_test_accuracy,delta_vs_grace_accuracy,delta_vs_grace_F1Mi,delta_vs_grace_F1Ma
runs/rpgcl_auto_selector_controls_splits0-9_e50/CiteSeer_grace_seed0_split0_e50,CiteSeer,grace,0,0,0.6903419767004886,0.6903419767004886,0.6255536433672906,0.7147147147147147,0.03,0.10009017586708069,0.10009017586708069,0.7998196482658386,False,False,0.5,128,False,1.0,1.0,,,,,,,,,,,,,
runs/rpgcl_auto_selector_controls_splits0-9_e50/CiteSeer_grace_seed0_split1_e50,CiteSeer,grace,0,1,0.7046223224351748,0.7046223224351748,0.6364813473870161,0.7537537537537538,0.03,0.10009017586708069,0.10009017586708069,0.7998196482658386,False,False,0.5,128,False,1.0,1.0,,,,,,,,,,,,,
runs/rpgcl_auto_selector_controls_splits0-9_e50/CiteSeer_grace_seed0_split2_e50,CiteSeer,grace,0,2,0.6888387824126269,0.6888387824126269,0.6012950972502651,0.7297297297297297,0.01,0.10009017586708069,0.10009017586708069,0.7998196482658386,False,False,0.5,128,False,1.0,1.0,,,,,,,,,,,,,
runs/rpgcl_auto_selector_controls_splits0-9_e50/CiteSeer_grace_seed0_split3_e50,CiteSeer,grace,0,3,0.7140172867343104,0.7140172867343104,0.6304063785359825,0.6876876876876877,0.01,0.10009017586708069,0.10009017586708069,0.7998196482658386,False,False,0.5,128,False,1.0,1.0,,,,,,,,,,,,,
runs/rpgcl_auto_selector_controls_splits0-9_e50/CiteSeer_grace_seed0_split4_e50,CiteSeer,grace,0,4,0.6997369409996242,0.6997369409996242,0.6349746147534333,0.6936936936936937,0.03,0.10009017586708069,0.10009017586708069,0.7998196482658386,False,False,0.5,128,False,1.0,1.0,,,,,,,,,,,,,
runs/rpgcl_auto_selector_controls_splits0-9_e50/CiteSeer_grace_seed0_split5_e50,CiteSeer,grace,0,5,0.7065013152950019,0.7065013152950019,0.6253875906128723,0.7147147147147147,0.01,0.10009017586708069,0.10009017586708069,0.7998196482658386,False,False,0.5,128,False,1.0,1.0,,,,,,,,,,,,,
runs/rpgcl_auto_selector_controls_splits0-9_e50/CiteSeer_grace_seed0_split6_e50,CiteSeer,grace,0,6,0.6925967681322811,0.6925967681322811,0.6356348469564052,0.7297297297297297,0.1,0.10009017586708069,0.10009017586708069,0.7998196482658386,False,False,0.5,128,False,1.0,1.0,,,,,,,,,,,,,
runs/rpgcl_auto_selector_controls_splits0-9_e50/CiteSeer_grace_seed0_split7_e50,CiteSeer,grace,0,7,0.7128898910184142,0.7128898910184142,0.6450297148181359,0.6906906906906907,0.1,0.10009017586708069,0.10009017586708069,0.7998196482658386,False,False,0.5,128,False,1.0,1.0,,,,,,,,,,,,,
runs/rpgcl_auto_selector_controls_splits0-9_e50/CiteSeer_grace_seed0_split8_e50,CiteSeer,grace,0,8,0.6850807966929726,0.6850807966929726,0.6389345650353866,0.6696696696696697,0.3,0.10009017586708069,0.10009017586708069,0.7998196482658386,False,False,0.5,128,False,1.0,1.0,,,,,,,,,,,,,
runs/rpgcl_auto_selector_controls_splits0-9_e50/CiteSeer_grace_seed0_split9_e50,CiteSeer,grace,0,9,0.6986095452837279,0.6986095452837279,0.6433595858750419,0.6906906906906907,0.1,0.10009017586708069,0.10009017586708069,0.7998196482658386,False,False,0.5,128,False,1.0,1.0,,,,,,,,,,,,,
runs/rpgcl_auto_selector_controls_splits0-9_e50/CiteSeer_hpfs_gcl_seed0_split0_e50,CiteSeer,hpfs_gcl,0,0,0.705749718151071,0.705749718151071,0.6466902389230683,0.7267267267267268,0.1,0.10009017586708069,0.10009017586708069,0.7998196482658386,False,True,0.5,128,False,1.0,1.0,,0.5930006504058838,,,,,,,,,0.015407741450582435,0.015407741450582435,0.021136595555777737
runs/rpgcl_auto_selector_controls_splits0-9_e50/CiteSeer_hpfs_gcl_seed0_split1_e50,CiteSeer,hpfs_gcl,0,1,0.7158962795941376,0.7158962795941376,0.6505760238585759,0.7477477477477478,0.1,0.10009017586708069,0.10009017586708069,0.7998196482658386,False,True,0.5,128,False,1.0,1.0,,0.5930006504058838,,,,,,,,,0.011273957158962844,0.011273957158962844,0.01409467647155982
runs/rpgcl_auto_selector_controls_splits0-9_e50/CiteSeer_hpfs_gcl_seed0_split2_e50,CiteSeer,hpfs_gcl,0,2,0.6993611424276588,0.6993611424276588,0.6315472182128086,0.7477477477477478,0.03,0.10009017586708069,0.10009017586708069,0.7998196482658386,False,True,0.5,128,False,1.0,1.0,,0.5930006504058838,,,,,,,,,0.010522360015031929,0.010522360015031929,0.030252120962543483
runs/rpgcl_auto_selector_controls_splits0-9_e50/CiteSeer_hpfs_gcl_seed0_split3_e50,CiteSeer,hpfs_gcl,0,3,0.7128898910184142,0.7128898910184142,0.6317672028757686,0.6846846846846847,0.01,0.10009017586708069,0.10009017586708069,0.7998196482658386,False,True,0.5,128,False,1.0,1.0,,0.5930006504058838,,,,,,,,,-0.0011273957158962622,-0.0011273957158962622,0.0013608243397861264
runs/rpgcl_auto_selector_controls_splits0-9_e50/CiteSeer_hpfs_gcl_seed0_split4_e50,CiteSeer,hpfs_gcl,0,4,0.7155204810221721,0.7155204810221721,0.6510042936620809,0.7027027027027027,0.03,0.10009017586708069,0.10009017586708069,0.7998196482658386,False,True,0.5,128,False,1.0,1.0,,0.5930006504058838,,,,,,,,,0.015783540022547893,0.015783540022547893,0.016029678908647593
runs/rpgcl_auto_selector_controls_splits0-9_e50/CiteSeer_hpfs_gcl_seed0_split5_e50,CiteSeer,hpfs_gcl,0,5,0.7185268695978956,0.7185268695978956,0.634670750562469,0.7297297297297297,0.01,0.10009017586708069,0.10009017586708069,0.7998196482658386,False,True,0.5,128,False,1.0,1.0,,0.5930006504058838,,,,,,,,,0.012025554302893648,0.012025554302893648,0.00928315994959672
runs/rpgcl_auto_selector_controls_splits0-9_e50/CiteSeer_hpfs_gcl_seed0_split6_e50,CiteSeer,hpfs_gcl,0,6,0.7125140924464487,0.7125140924464487,0.6536289616830894,0.7417417417417418,0.1,0.10009017586708069,0.10009017586708069,0.7998196482658386,False,True,0.5,128,False,1.0,1.0,,0.5930006504058838,,,,,,,,,0.019917324314167595,0.019917324314167595,0.01799411472668422
runs/rpgcl_auto_selector_controls_splits0-9_e50/CiteSeer_hpfs_gcl_seed0_split7_e50,CiteSeer,hpfs_gcl,0,7,0.7267944381811349,0.7267944381811349,0.6567301375084406,0.7117117117117117,0.1,0.10009017586708069,0.10009017586708069,0.7998196482658386,False,True,0.5,128,False,1.0,1.0,,0.5930006504058838,,,,,,,,,0.013904547162720715,0.013904547162720715,0.01170042269030469
runs/rpgcl_auto_selector_controls_splits0-9_e50/CiteSeer_hpfs_gcl_seed0_split8_e50,CiteSeer,hpfs_gcl,0,8,0.6952273581360391,0.6952273581360391,0.6519168748968399,0.6816816816816816,0.3,0.10009017586708069,0.10009017586708069,0.7998196482658386,False,True,0.5,128,False,1.0,1.0,,0.5930006504058838,,,,,,,,,0.01014656144306647,0.01014656144306647,0.012982309861453323
runs/rpgcl_auto_selector_controls_splits0-9_e50/CiteSeer_hpfs_gcl_seed0_split9_e50,CiteSeer,hpfs_gcl,0,9,0.7140172867343104,0.7140172867343104,0.6586046382527343,0.6906906906906907,0.1,0.10009017586708069,0.10009017586708069,0.7998196482658386,False,True,0.5,128,False,1.0,1.0,,0.5930006504058838,,,,,,,,,0.015407741450582546,0.015407741450582546,0.015245052377692359
runs/rpgcl_auto_selector_controls_splits0-9_e50/CiteSeer_raw_features_seed0_split0_e50,CiteSeer,raw_features,0,0,0.6050357008643367,0.6050357008643367,0.5500543152972285,0.6336336336336337,0.03,0.10009017586708069,0.10009017586708069,0.7998196482658386,False,False,0.5,128,False,1.0,1.0,,,,,,,,,,,-0.08530627583615191,-0.08530627583615191,-0.0754993280700621
runs/rpgcl_auto_selector_controls_splits0-9_e50/CiteSeer_raw_features_seed0_split1_e50,CiteSeer,raw_features,0,1,0.5960165351371665,0.5960165351371665,0.565011575215291,0.5945945945945946,0.03,0.10009017586708069,0.10009017586708069,0.7998196482658386,False,False,0.5,128,False,1.0,1.0,,,,,,,,,,,-0.1086057872980083,-0.1086057872980083,-0.07146977217172512
runs/rpgcl_auto_selector_controls_splits0-9_e50/CiteSeer_raw_features_seed0_split2_e50,CiteSeer,raw_features,0,2,0.6163096580232995,0.6163096580232995,0.5730347648211616,0.6516516516516516,0.01,0.10009017586708069,0.10009017586708069,0.7998196482658386,False,False,0.5,128,False,1.0,1.0,,,,,,,,,,,-0.07252912438932735,-0.07252912438932735,-0.02826033242910353
runs/rpgcl_auto_selector_controls_splits0-9_e50/CiteSeer_raw_features_seed0_split3_e50,CiteSeer,raw_features,0,3,0.6076662908680946,0.6076662908680946,0.5483052463023681,0.6396396396396397,0.01,0.10009017586708069,0.10009017586708069,0.7998196482658386,False,False,0.5,128,False,1.0,1.0,,,,,,,,,,,-0.10635099586621577,-0.10635099586621577,-0.08210113223361437
runs/rpgcl_auto_selector_controls_splits0-9_e50/CiteSeer_raw_features_seed0_split4_e50,CiteSeer,raw_features,0,4,0.6118000751597144,0.6118000751597144,0.5585250423330282,0.5735735735735735,0.01,0.10009017586708069,0.10009017586708069,0.7998196482658386,False,False,0.5,128,False,1.0,1.0,,,,,,,,,,,-0.0879368658399099,-0.0879368658399099,-0.07644957242040507
runs/rpgcl_auto_selector_controls_splits0-9_e50/CiteSeer_raw_features_seed0_split5_e50,CiteSeer,raw_features,0,5,0.608793686583991,0.608793686583991,0.5473102245944906,0.5645645645645646,0.01,0.10009017586708069,0.10009017586708069,0.7998196482658386,False,False,0.5,128,False,1.0,1.0,,,,,,,,,,,-0.09770762871101091,-0.09770762871101091,-0.07807736601838167
runs/rpgcl_auto_selector_controls_splits0-9_e50/CiteSeer_raw_features_seed0_split6_e50,CiteSeer,raw_features,0,6,0.6027809094325441,0.6027809094325441,0.5480527953801139,0.6246246246246246,0.01,0.10009017586708069,0.10009017586708069,0.7998196482658386,False,False,0.5,128,False,1.0,1.0,,,,,,,,,,,-0.08981585869973696,-0.08981585869973696,-0.08758205157629129
runs/rpgcl_auto_selector_controls_splits0-9_e50/CiteSeer_raw_features_seed0_split7_e50,CiteSeer,raw_features,0,7,0.6080420894400601,0.6080420894400601,0.5510410127086921,0.5735735735735735,0.03,0.10009017586708069,0.10009017586708069,0.7998196482658386,False,False,0.5,128,False,1.0,1.0,,,,,,,,,,,-0.10484780157835405,-0.10484780157835405,-0.09398870210944377
runs/rpgcl_auto_selector_controls_splits0-9_e50/CiteSeer_raw_features_seed0_split8_e50,CiteSeer,raw_features,0,8,0.6283352123261932,0.6283352123261932,0.5671810189899792,0.6366366366366366,0.01,0.10009017586708069,0.10009017586708069,0.7998196482658386,False,False,0.5,128,False,1.0,1.0,,,,,,,,,,,-0.056745584366779456,-0.056745584366779456,-0.0717535460454074
runs/rpgcl_auto_selector_controls_splits0-9_e50/CiteSeer_raw_features_seed0_split9_e50,CiteSeer,raw_features,0,9,0.6178128523111612,0.6178128523111612,0.5529333981995497,0.5945945945945946,0.01,0.10009017586708069,0.10009017586708069,0.7998196482658386,False,False,0.5,128,False,1.0,1.0,,,,,,,,,,,-0.08079669297256664,-0.08079669297256664,-0.09042618767549226
runs/rpgcl_auto_selector_controls_splits0-9_e50/CiteSeer_rpgcl_auto_seed0_split0_e50,CiteSeer,rpgcl_auto,0,0,0.7132656895903795,0.7132656895903795,0.6417622511751426,0.7387387387387387,0.01,0.10009017586708069,0.10009017586708069,0.7998196482658386,False,True,0.5,128,True,1.0,1.0,raw_preserved_hpfs,0.5930006504058838,0.7267267267267268,0.705749718151071,0.7387387387387387,0.7132656895903795,0.6336336336336337,0.6050357008643367,raw_preserved_hpfs,0.7132656895903795,0.022923712889890924,0.022923712889890924,0.01620860780785205
runs/rpgcl_auto_selector_controls_splits0-9_e50/CiteSeer_rpgcl_auto_seed0_split1_e50,CiteSeer,rpgcl_auto,0,1,0.7166478767380684,0.7166478767380684,0.6418150175782288,0.7537537537537538,0.01,0.10009017586708069,0.10009017586708069,0.7998196482658386,False,True,0.5,128,True,1.0,1.0,raw_preserved_hpfs,0.5930006504058838,0.7477477477477478,0.7162720781661029,0.7537537537537538,0.7166478767380684,0.5945945945945946,0.5960165351371665,raw_preserved_hpfs,0.7166478767380684,0.012025554302893648,0.012025554302893648,0.005333670191212669
runs/rpgcl_auto_selector_controls_splits0-9_e50/CiteSeer_rpgcl_auto_seed0_split2_e50,CiteSeer,rpgcl_auto,0,2,0.6989853438556933,0.6989853438556933,0.6312356287431573,0.7477477477477478,0.03,0.10009017586708069,0.10009017586708069,0.7998196482658386,False,True,0.5,128,False,1.0,1.0,hpfs,0.5930006504058838,0.7477477477477478,0.6989853438556933,0.7417417417417418,0.7162720781661029,0.6516516516516516,0.6163096580232995,raw_preserved_hpfs,0.7162720781661029,0.01014656144306647,0.01014656144306647,0.02994053149289222
runs/rpgcl_auto_selector_controls_splits0-9_e50/CiteSeer_rpgcl_auto_seed0_split3_e50,CiteSeer,rpgcl_auto,0,3,0.7189026681698609,0.7189026681698609,0.6444699349230477,0.7177177177177178,0.01,0.10009017586708069,0.10009017586708069,0.7998196482658386,False,True,0.5,128,True,1.0,1.0,raw_preserved_hpfs,0.5930006504058838,0.6846846846846847,0.7128898910184142,0.7177177177177178,0.7189026681698609,0.6396396396396397,0.6076662908680946,raw_preserved_hpfs,0.7189026681698609,0.0048853814355505065,0.0048853814355505065,0.014063556387065246
runs/rpgcl_auto_selector_controls_splits0-9_e50/CiteSeer_rpgcl_auto_seed0_split4_e50,CiteSeer,rpgcl_auto,0,4,0.7155204810221721,0.7155204810221721,0.6510042936620809,0.7027027027027027,0.03,0.10009017586708069,0.10009017586708069,0.7998196482658386,False,True,0.5,128,False,1.0,1.0,hpfs,0.5930006504058838,0.7027027027027027,0.7155204810221721,0.6906906906906907,0.7177752724539647,0.5735735735735735,0.6118000751597144,raw_preserved_hpfs,0.7177752724539647,0.015783540022547893,0.015783540022547893,0.016029678908647593
runs/rpgcl_auto_selector_controls_splits0-9_e50/CiteSeer_rpgcl_auto_seed0_split5_e50,CiteSeer,rpgcl_auto,0,5,0.7087561067267945,0.7087561067267945,0.6340884242929986,0.7417417417417418,0.01,0.10009017586708069,0.10009017586708069,0.7998196482658386,False,True,0.5,128,True,1.0,1.0,raw_preserved_hpfs,0.5930006504058838,0.7297297297297297,0.7185268695978956,0.7417417417417418,0.7087561067267945,0.5645645645645646,0.608793686583991,hpfs,0.7185268695978956,0.0022547914317925244,0.0022547914317925244,0.008700833680126308
runs/rpgcl_auto_selector_controls_splits0-9_e50/CiteSeer_rpgcl_auto_seed0_split6_e50,CiteSeer,rpgcl_auto,0,6,0.7121382938744832,0.7121382938744832,0.6526101378071992,0.7447447447447447,0.1,0.10009017586708069,0.10009017586708069,0.7998196482658386,False,True,0.5,128,False,1.0,1.0,hpfs,0.5930006504058838,0.7447447447447447,0.7121382938744832,0.7177177177177178,0.7275460353250658,0.6246246246246246,0.6027809094325441,raw_preserved_hpfs,0.7275460353250658,0.019541525742202137,0.019541525742202137,0.016975290850794078
runs/rpgcl_auto_selector_controls_splits0-9_e50/CiteSeer_rpgcl_auto_seed0_split7_e50,CiteSeer,rpgcl_auto,0,7,0.7267944381811349,0.7267944381811349,0.6577203666573596,0.7117117117117117,0.1,0.10009017586708069,0.10009017586708069,0.7998196482658386,False,True,0.5,128,False,1.0,1.0,hpfs,0.5930006504058838,0.7117117117117117,0.7267944381811349,0.6786786786786787,0.7181510710259301,0.5735735735735735,0.6080420894400601,hpfs,0.7267944381811349,0.013904547162720715,0.013904547162720715,0.012690651839223688
runs/rpgcl_auto_selector_controls_splits0-9_e50/CiteSeer_rpgcl_auto_seed0_split8_e50,CiteSeer,rpgcl_auto,0,8,0.7170236753100339,0.7170236753100339,0.6565564903703357,0.6936936936936937,0.3,0.10009017586708069,0.10009017586708069,0.7998196482658386,False,True,0.5,128,True,1.0,1.0,raw_preserved_hpfs,0.5930006504058838,0.6816816816816816,0.6952273581360391,0.6936936936936937,0.7170236753100339,0.6366366366366366,0.6283352123261932,raw_preserved_hpfs,0.7170236753100339,0.03194287861706124,0.03194287861706124,0.017621925334949107
runs/rpgcl_auto_selector_controls_splits0-9_e50/CiteSeer_rpgcl_auto_seed0_split9_e50,CiteSeer,rpgcl_auto,0,9,0.7249154453213078,0.7249154453213078,0.6581775078029705,0.7177177177177178,1.0,0.10009017586708069,0.10009017586708069,0.7998196482658386,False,True,0.5,128,True,1.0,1.0,raw_preserved_hpfs,0.5930006504058838,0.6906906906906907,0.7140172867343104,0.7177177177177178,0.7249154453213078,0.5945945945945946,0.6178128523111612,raw_preserved_hpfs,0.7249154453213078,0.026305900037579932,0.026305900037579932,0.014817921927928523
runs/rpgcl_auto_selector_controls_splits0-9_e50/CiteSeer_rpgcl_hpfs_seed0_split0_e50,CiteSeer,rpgcl_hpfs,0,0,0.7132656895903795,0.7132656895903795,0.6417622511751426,0.7387387387387387,0.01,0.10009017586708069,0.10009017586708069,0.7998196482658386,False,True,0.5,128,True,1.0,1.0,,0.5930006504058838,,,,,,,,,0.022923712889890924,0.022923712889890924,0.01620860780785205
runs/rpgcl_auto_selector_controls_splits0-9_e50/CiteSeer_rpgcl_hpfs_seed0_split1_e50,CiteSeer,rpgcl_hpfs,0,1,0.7166478767380684,0.7166478767380684,0.6418150175782288,0.7537537537537538,0.01,0.10009017586708069,0.10009017586708069,0.7998196482658386,False,True,0.5,128,True,1.0,1.0,,0.5930006504058838,,,,,,,,,0.012025554302893648,0.012025554302893648,0.005333670191212669
runs/rpgcl_auto_selector_controls_splits0-9_e50/CiteSeer_rpgcl_hpfs_seed0_split2_e50,CiteSeer,rpgcl_hpfs,0,2,0.7166478767380684,0.7166478767380684,0.6598565845488182,0.7417417417417418,0.03,0.10009017586708069,0.10009017586708069,0.7998196482658386,False,True,0.5,128,True,1.0,1.0,,0.5930006504058838,,,,,,,,,0.02780909432544154,0.02780909432544154,0.05856148729855315
runs/rpgcl_auto_selector_controls_splits0-9_e50/CiteSeer_rpgcl_hpfs_seed0_split3_e50,CiteSeer,rpgcl_hpfs,0,3,0.7189026681698609,0.7189026681698609,0.6444699349230477,0.7177177177177178,0.01,0.10009017586708069,0.10009017586708069,0.7998196482658386,False,True,0.5,128,True,1.0,1.0,,0.5930006504058838,,,,,,,,,0.0048853814355505065,0.0048853814355505065,0.014063556387065246
runs/rpgcl_auto_selector_controls_splits0-9_e50/CiteSeer_rpgcl_hpfs_seed0_split4_e50,CiteSeer,rpgcl_hpfs,0,4,0.7264186396091695,0.7264186396091695,0.6723439706535163,0.6876876876876877,0.03,0.10009017586708069,0.10009017586708069,0.7998196482658386,False,True,0.5,128,True,1.0,1.0,,0.5930006504058838,,,,,,,,,0.02668169860954528,0.02668169860954528,0.037369355900082946
runs/rpgcl_auto_selector_controls_splits0-9_e50/CiteSeer_rpgcl_hpfs_seed0_split5_e50,CiteSeer,rpgcl_hpfs,0,5,0.7087561067267945,0.7087561067267945,0.6340884242929986,0.7417417417417418,0.01,0.10009017586708069,0.10009017586708069,0.7998196482658386,False,True,0.5,128,True,1.0,1.0,,0.5930006504058838,,,,,,,,,0.0022547914317925244,0.0022547914317925244,0.008700833680126308
runs/rpgcl_auto_selector_controls_splits0-9_e50/CiteSeer_rpgcl_hpfs_seed0_split6_e50,CiteSeer,rpgcl_hpfs,0,6,0.7275460353250658,0.7275460353250658,0.6728950908073771,0.7177177177177178,0.03,0.10009017586708069,0.10009017586708069,0.7998196482658386,False,True,0.5,128,True,1.0,1.0,,0.5930006504058838,,,,,,,,,0.03494926719278468,0.03494926719278468,0.03726024385097193
runs/rpgcl_auto_selector_controls_splits0-9_e50/CiteSeer_rpgcl_hpfs_seed0_split7_e50,CiteSeer,rpgcl_hpfs,0,7,0.7181510710259301,0.7181510710259301,0.6595404314069332,0.6786786786786787,3.0,0.10009017586708069,0.10009017586708069,0.7998196482658386,False,True,0.5,128,True,1.0,1.0,,0.5930006504058838,,,,,,,,,0.005261180007515964,0.005261180007515964,0.014510716588797323
runs/rpgcl_auto_selector_controls_splits0-9_e50/CiteSeer_rpgcl_hpfs_seed0_split8_e50,CiteSeer,rpgcl_hpfs,0,8,0.7170236753100339,0.7170236753100339,0.6565600686876972,0.6936936936936937,0.3,0.10009017586708069,0.10009017586708069,0.7998196482658386,False,True,0.5,128,True,1.0,1.0,,0.5930006504058838,,,,,,,,,0.03194287861706124,0.03194287861706124,0.017625503652310637
runs/rpgcl_auto_selector_controls_splits0-9_e50/CiteSeer_rpgcl_hpfs_seed0_split9_e50,CiteSeer,rpgcl_hpfs,0,9,0.7249154453213078,0.7249154453213078,0.6581775078029705,0.7177177177177178,1.0,0.10009017586708069,0.10009017586708069,0.7998196482658386,False,True,0.5,128,True,1.0,1.0,,0.5930006504058838,,,,,,,,,0.026305900037579932,0.026305900037579932,0.014817921927928523
runs/rpgcl_auto_selector_controls_splits0-9_e50/Cora_grace_seed0_split0_e50,Cora,grace,0,0,0.7957486136783734,0.7957486136783734,0.7745856958961893,0.8198529411764706,0.3,0.10044313222169876,0.10044313222169876,0.7991137504577637,False,False,0.5,128,False,1.0,1.0,,,,,,,,,,,,,
runs/rpgcl_auto_selector_controls_splits0-9_e50/Cora_grace_seed0_split1_e50,Cora,grace,0,1,0.8036044362292052,0.8036044362292052,0.779065823665469,0.8198529411764706,0.3,0.10044313222169876,0.10044313222169876,0.7991137504577637,False,False,0.5,128,False,1.0,1.0,,,,,,,,,,,,,
runs/rpgcl_auto_selector_controls_splits0-9_e50/Cora_grace_seed0_split2_e50,Cora,grace,0,2,0.8012939001848429,0.8012939001848429,0.7804561628965075,0.8088235294117647,0.3,0.10044313222169876,0.10044313222169876,0.7991137504577637,False,False,0.5,128,False,1.0,1.0,,,,,,,,,,,,,
runs/rpgcl_auto_selector_controls_splits0-9_e50/Cora_grace_seed0_split3_e50,Cora,grace,0,3,0.7828096118299446,0.7828096118299446,0.7620301277698882,0.8308823529411765,0.1,0.10044313222169876,0.10044313222169876,0.7991137504577637,False,False,0.5,128,False,1.0,1.0,,,,,,,,,,,,,
runs/rpgcl_auto_selector_controls_splits0-9_e50/Cora_grace_seed0_split4_e50,Cora,grace,0,4,0.7754158964879853,0.7754158964879853,0.7648388133633137,0.7463235294117647,3.0,0.10044313222169876,0.10044313222169876,0.7991137504577637,False,False,0.5,128,False,1.0,1.0,,,,,,,,,,,,,
runs/rpgcl_auto_selector_controls_splits0-9_e50/Cora_grace_seed0_split5_e50,Cora,grace,0,5,0.7902033271719039,0.7902033271719039,0.7683444342274289,0.8308823529411765,0.3,0.10044313222169876,0.10044313222169876,0.7991137504577637,False,False,0.5,128,False,1.0,1.0,,,,,,,,,,,,,
runs/rpgcl_auto_selector_controls_splits0-9_e50/Cora_grace_seed0_split6_e50,Cora,grace,0,6,0.7994454713493531,0.7994454713493531,0.7774992994423842,0.7647058823529411,30.0,0.10044313222169876,0.10044313222169876,0.7991137504577637,False,False,0.5,128,False,1.0,1.0,,,,,,,,,,,,,
runs/rpgcl_auto_selector_controls_splits0-9_e50/Cora_grace_seed0_split7_e50,Cora,grace,0,7,0.7952865064695009,0.7952865064695009,0.7854113248390385,0.8272058823529411,1.0,0.10044313222169876,0.10044313222169876,0.7991137504577637,False,False,0.5,128,False,1.0,1.0,,,,,,,,,,,,,
runs/rpgcl_auto_selector_controls_splits0-9_e50/Cora_grace_seed0_split8_e50,Cora,grace,0,8,0.7878927911275416,0.7878927911275416,0.767030401474944,0.8308823529411765,0.3,0.10044313222169876,0.10044313222169876,0.7991137504577637,False,False,0.5,128,False,1.0,1.0,,,,,,,,,,,,,
runs/rpgcl_auto_selector_controls_splits0-9_e50/Cora_grace_seed0_split9_e50,Cora,grace,0,9,0.7939001848428835,0.7939001848428835,0.7731975834797512,0.8419117647058824,0.3,0.10044313222169876,0.10044313222169876,0.7991137504577637,False,False,0.5,128,False,1.0,1.0,,,,,,,,,,,,,
runs/rpgcl_auto_selector_controls_splits0-9_e50/Cora_hpfs_gcl_seed0_split0_e50,Cora,hpfs_gcl,0,0,0.7971349353049908,0.7971349353049908,0.7730628546534373,0.8272058823529411,0.1,0.10044313222169876,0.10044313222169876,0.7991137504577637,False,True,0.5,128,False,1.0,1.0,,0.5635237097740173,,,,,,,,,0.0013863216266174483,0.0013863216266174483,-0.0015228412427520377
runs/rpgcl_auto_selector_controls_splits0-9_e50/Cora_hpfs_gcl_seed0_split1_e50,Cora,hpfs_gcl,0,1,0.8022181146025879,0.8022181146025879,0.7790404334201179,0.8235294117647058,0.3,0.10044313222169876,0.10044313222169876,0.7991137504577637,False,True,0.5,128,False,1.0,1.0,,0.5635236501693726,,,,,,,,,-0.0013863216266173373,-0.0013863216266173373,-2.5390245351086804e-05
runs/rpgcl_auto_selector_controls_splits0-9_e50/Cora_hpfs_gcl_seed0_split2_e50,Cora,hpfs_gcl,0,2,0.8073012939001848,0.8073012939001848,0.7859219691835244,0.8125,0.1,0.10044313222169876,0.10044313222169876,0.7991137504577637,False,True,0.5,128,False,1.0,1.0,,0.5635236501693726,,,,,,,,,0.006007393715341869,0.006007393715341869,0.005465806287016872
runs/rpgcl_auto_selector_controls_splits0-9_e50/Cora_hpfs_gcl_seed0_split3_e50,Cora,hpfs_gcl,0,3,0.7989833641404805,0.7989833641404805,0.783837522551852,0.8345588235294118,1.0,0.10044313222169876,0.10044313222169876,0.7991137504577637,False,True,0.5,128,False,1.0,1.0,,0.5635235905647278,,,,,,,,,0.01617375231053597,0.01617375231053597,0.021807394781963807
runs/rpgcl_auto_selector_controls_splits0-9_e50/Cora_hpfs_gcl_seed0_split4_e50,Cora,hpfs_gcl,0,4,0.7703327171903882,0.7703327171903882,0.7637489677968976,0.7536764705882353,30.0,0.10044313222169876,0.10044313222169876,0.7991137504577637,False,True,0.5,128,False,1.0,1.0,,0.5635236501693726,,,,,,,,,-0.005083179297597051,-0.005083179297597051,-0.0010898455664161144
runs/rpgcl_auto_selector_controls_splits0-9_e50/Cora_hpfs_gcl_seed0_split5_e50,Cora,hpfs_gcl,0,5,0.7989833641404805,0.7989833641404805,0.7804459701061651,0.8272058823529411,0.3,0.10044313222169876,0.10044313222169876,0.7991137504577637,False,True,0.5,128,False,1.0,1.0,,0.5635236501693726,,,,,,,,,0.008780036968576654,0.008780036968576654,0.012101535878736192
runs/rpgcl_auto_selector_controls_splits0-9_e50/Cora_hpfs_gcl_seed0_split6_e50,Cora,hpfs_gcl,0,6,0.7994454713493531,0.7994454713493531,0.7810171000303124,0.7794117647058824,10.0,0.10044313222169876,0.10044313222169876,0.7991137504577637,False,True,0.5,128,False,1.0,1.0,,0.5635237097740173,,,,,,,,,0.0,0.0,0.003517800587928277
runs/rpgcl_auto_selector_controls_splits0-9_e50/Cora_hpfs_gcl_seed0_split7_e50,Cora,hpfs_gcl,0,7,0.8142329020332717,0.8142329020332717,0.8023121116864277,0.8198529411764706,0.3,0.10044313222169876,0.10044313222169876,0.7991137504577637,False,True,0.5,128,False,1.0,1.0,,0.5635236501693726,,,,,,,,,0.018946395563770757,0.018946395563770757,0.01690078684738916
runs/rpgcl_auto_selector_controls_splits0-9_e50/Cora_hpfs_gcl_seed0_split8_e50,Cora,hpfs_gcl,0,8,0.794362292051756,0.794362292051756,0.7747411250599987,0.8382352941176471,1.0,0.10044313222169876,0.10044313222169876,0.7991137504577637,False,True,0.5,128,False,1.0,1.0,,0.5635236501693726,,,,,,,,,0.006469500924214389,0.006469500924214389,0.007710723585054757
runs/rpgcl_auto_selector_controls_splits0-9_e50/Cora_hpfs_gcl_seed0_split9_e50,Cora,hpfs_gcl,0,9,0.8114602587800369,0.8114602587800369,0.791639431027218,0.8492647058823529,0.3,0.10044313222169876,0.10044313222169876,0.7991137504577637,False,True,0.5,128,False,1.0,1.0,,0.5635237097740173,,,,,,,,,0.01756007393715342,0.01756007393715342,0.018441847547466805
runs/rpgcl_auto_selector_controls_splits0-9_e50/Cora_raw_features_seed0_split0_e50,Cora,raw_features,0,0,0.583641404805915,0.583641404805915,0.5498366385642323,0.6066176470588235,0.3,0.10044313222169876,0.10044313222169876,0.7991137504577637,False,False,0.5,128,False,1.0,1.0,,,,,,,,,,,-0.21210720887245837,-0.21210720887245837,-0.22474905733195705
runs/rpgcl_auto_selector_controls_splits0-9_e50/Cora_raw_features_seed0_split1_e50,Cora,raw_features,0,1,0.6118299445471349,0.6118299445471349,0.5767326491789584,0.5625,30.0,0.10044313222169876,0.10044313222169876,0.7991137504577637,False,False,0.5,128,False,1.0,1.0,,,,,,,,,,,-0.19177449168207028,-0.19177449168207028,-0.20233317448651056
runs/rpgcl_auto_selector_controls_splits0-9_e50/Cora_raw_features_seed0_split2_e50,Cora,raw_features,0,2,0.5854898336414048,0.5854898336414048,0.5462102258313744,0.5882352941176471,10.0,0.10044313222169876,0.10044313222169876,0.7991137504577637,False,False,0.5,128,False,1.0,1.0,,,,,,,,,,,-0.2158040665434381,-0.2158040665434381,-0.2342459370651332
runs/rpgcl_auto_selector_controls_splits0-9_e50/Cora_raw_features_seed0_split3_e50,Cora,raw_features,0,3,0.5891866913123844,0.5891866913123844,0.5463466145177693,0.5735294117647058,1.0,0.10044313222169876,0.10044313222169876,0.7991137504577637,False,False,0.5,128,False,1.0,1.0,,,,,,,,,,,-0.19362292051756014,-0.19362292051756014,-0.21568351325211887
runs/rpgcl_auto_selector_controls_splits0-9_e50/Cora_raw_features_seed0_split4_e50,Cora,raw_features,0,4,0.5697781885397413,0.5697781885397413,0.5163992877101947,0.5882352941176471,0.1,0.10044313222169876,0.10044313222169876,0.7991137504577637,False,False,0.5,128,False,1.0,1.0,,,,,,,,,,,-0.205637707948244,-0.205637707948244,-0.248439525653119
runs/rpgcl_auto_selector_controls_splits0-9_e50/Cora_raw_features_seed0_split5_e50,Cora,raw_features,0,5,0.577634011090573,0.577634011090573,0.514641480706938,0.5882352941176471,0.03,0.10044313222169876,0.10044313222169876,0.7991137504577637,False,False,0.5,128,False,1.0,1.0,,,,,,,,,,,-0.2125693160813309,-0.2125693160813309,-0.2537029535204909
runs/rpgcl_auto_selector_controls_splits0-9_e50/Cora_raw_features_seed0_split6_e50,Cora,raw_features,0,6,0.6076709796672828,0.6076709796672828,0.5582292878862594,0.5955882352941176,0.1,0.10044313222169876,0.10044313222169876,0.7991137504577637,False,False,0.5,128,False,1.0,1.0,,,,,,,,,,,-0.19177449168207028,-0.19177449168207028,-0.2192700115561248
runs/rpgcl_auto_selector_controls_splits0-9_e50/Cora_raw_features_seed0_split7_e50,Cora,raw_features,0,7,0.5965804066543438,0.5965804066543438,0.5408355008312239,0.6176470588235294,0.03,0.10044313222169876,0.10044313222169876,0.7991137504577637,False,False,0.5,128,False,1.0,1.0,,,,,,,,,,,-0.1987060998151572,-0.1987060998151572,-0.24457582400781464
runs/rpgcl_auto_selector_controls_splits0-9_e50/Cora_raw_features_seed0_split8_e50,Cora,raw_features,0,8,0.6072088724584104,0.6072088724584104,0.5572770381811851,0.5882352941176471,0.03,0.10044313222169876,0.10044313222169876,0.7991137504577637,False,False,0.5,128,False,1.0,1.0,,,,,,,,,,,-0.18068391866913125,-0.18068391866913125,-0.20975336329375882
runs/rpgcl_auto_selector_controls_splits0-9_e50/Cora_raw_features_seed0_split9_e50,Cora,raw_features,0,9,0.5901109057301294,0.5901109057301294,0.5399692250330426,0.5808823529411765,0.1,0.10044313222169876,0.10044313222169876,0.7991137504577637,False,False,0.5,128,False,1.0,1.0,,,,,,,,,,,-0.20378927911275413,-0.20378927911275413,-0.23322835844670864
runs/rpgcl_auto_selector_controls_splits0-9_e50/Cora_rpgcl_auto_seed0_split0_e50,Cora,rpgcl_auto,0,0,0.7971349353049908,0.7971349353049908,0.7730628546534373,0.8272058823529411,0.1,0.10044313222169876,0.10044313222169876,0.7991137504577637,False,True,0.5,128,False,1.0,1.0,hpfs,0.5635235905647278,0.8272058823529411,0.7971349353049908,0.7830882352941176,0.7920517560073937,0.6066176470588235,0.583641404805915,hpfs,0.7971349353049908,0.0013863216266174483,0.0013863216266174483,-0.0015228412427520377
runs/rpgcl_auto_selector_controls_splits0-9_e50/Cora_rpgcl_auto_seed0_split1_e50,Cora,rpgcl_auto,0,1,0.8022181146025879,0.8022181146025879,0.7791829510327624,0.8272058823529411,0.3,0.10044313222169876,0.10044313222169876,0.7991137504577637,False,True,0.5,128,False,1.0,1.0,hpfs,0.5635237097740173,0.8272058823529411,0.8022181146025879,0.7904411764705882,0.7795748613678374,0.5625,0.6118299445471349,hpfs,0.8022181146025879,-0.0013863216266173373,-0.0013863216266173373,0.00011712736729341255
runs/rpgcl_auto_selector_controls_splits0-9_e50/Cora_rpgcl_auto_seed0_split2_e50,Cora,rpgcl_auto,0,2,0.8086876155268022,0.8086876155268022,0.7868185288726386,0.8125,0.1,0.10044313222169876,0.10044313222169876,0.7991137504577637,False,True,0.5,128,False,1.0,1.0,hpfs,0.5635236501693726,0.8125,0.8086876155268022,0.7867647058823529,0.7846580406654344,0.5882352941176471,0.5854898336414048,hpfs,0.8086876155268022,0.007393715341959317,0.007393715341959317,0.006362365976131046
runs/rpgcl_auto_selector_controls_splits0-9_e50/Cora_rpgcl_auto_seed0_split3_e50,Cora,rpgcl_auto,0,3,0.7985212569316081,0.7985212569316081,0.7835925847215515,0.8345588235294118,1.0,0.10044313222169876,0.10044313222169876,0.7991137504577637,False,True,0.5,128,False,1.0,1.0,hpfs,0.5635236501693726,0.8345588235294118,0.7985212569316081,0.8125,0.7754158964879853,0.5735294117647058,0.5891866913123844,hpfs,0.7985212569316081,0.015711645101663563,0.015711645101663563,0.021562456951663256
runs/rpgcl_auto_selector_controls_splits0-9_e50/Cora_rpgcl_auto_seed0_split4_e50,Cora,rpgcl_auto,0,4,0.7781885397412199,0.7781885397412199,0.7551433648977228,0.7683823529411765,1.0,0.10044313222169876,0.10044313222169876,0.7991137504577637,False,True,0.5,128,True,1.0,1.0,raw_preserved_hpfs,0.5635236501693726,0.7463235294117647,0.7869685767097967,0.7683823529411765,0.7781885397412199,0.5882352941176471,0.5697781885397413,hpfs,0.7869685767097967,0.0027726432532346745,0.0027726432532346745,-0.009695448465590895
runs/rpgcl_auto_selector_controls_splits0-9_e50/Cora_rpgcl_auto_seed0_split5_e50,Cora,rpgcl_auto,0,5,0.7985212569316081,0.7985212569316081,0.7800660249084838,0.8272058823529411,0.3,0.10044313222169876,0.10044313222169876,0.7991137504577637,False,True,0.5,128,False,1.0,1.0,hpfs,0.5635237097740173,0.8272058823529411,0.7985212569316081,0.8198529411764706,0.7800369685767098,0.5882352941176471,0.577634011090573,hpfs,0.7985212569316081,0.008317929759704246,0.008317929759704246,0.011721590681054828
runs/rpgcl_auto_selector_controls_splits0-9_e50/Cora_rpgcl_auto_seed0_split6_e50,Cora,rpgcl_auto,0,6,0.7985212569316081,0.7985212569316081,0.7802102724812973,0.7830882352941176,10.0,0.10044313222169876,0.10044313222169876,0.7991137504577637,False,True,0.5,128,False,1.0,1.0,hpfs,0.5635237097740173,0.7830882352941176,0.7985212569316081,0.7573529411764706,0.7855822550831792,0.5955882352941176,0.6076709796672828,hpfs,0.7985212569316081,-0.0009242144177449285,-0.0009242144177449285,0.0027109730389131004
runs/rpgcl_auto_selector_controls_splits0-9_e50/Cora_rpgcl_auto_seed0_split7_e50,Cora,rpgcl_auto,0,7,0.8128465804066544,0.8128465804066544,0.8007308982051036,0.8198529411764706,0.3,0.10044313222169876,0.10044313222169876,0.7991137504577637,False,True,0.5,128,False,1.0,1.0,hpfs,0.5635237097740173,0.8198529411764706,0.8128465804066544,0.7977941176470589,0.7740295748613678,0.6176470588235294,0.5965804066543438,hpfs,0.8128465804066544,0.01756007393715342,0.01756007393715342,0.015319573366065042
runs/rpgcl_auto_selector_controls_splits0-9_e50/Cora_rpgcl_auto_seed0_split8_e50,Cora,rpgcl_auto,0,8,0.7952865064695009,0.7952865064695009,0.7755020555214918,0.8382352941176471,1.0,0.10044313222169876,0.10044313222169876,0.7991137504577637,False,True,0.5,128,False,1.0,1.0,hpfs,0.5635236501693726,0.8382352941176471,0.7952865064695009,0.8014705882352942,0.7698706099815157,0.5882352941176471,0.6072088724584104,hpfs,0.7952865064695009,0.007393715341959317,0.007393715341959317,0.008471654046547816
runs/rpgcl_auto_selector_controls_splits0-9_e50/Cora_rpgcl_auto_seed0_split9_e50,Cora,rpgcl_auto,0,9,0.8114602587800369,0.8114602587800369,0.7919606470915822,0.8492647058823529,0.3,0.10044313222169876,0.10044313222169876,0.7991137504577637,False,True,0.5,128,False,1.0,1.0,hpfs,0.5635237097740173,0.8492647058823529,0.8114602587800369,0.8198529411764706,0.7749537892791127,0.5808823529411765,0.5901109057301294,hpfs,0.8114602587800369,0.01756007393715342,0.01756007393715342,0.018763063611831
runs/rpgcl_auto_selector_controls_splits0-9_e50/Cora_rpgcl_hpfs_seed0_split0_e50,Cora,rpgcl_hpfs,0,0,0.7920517560073937,0.7920517560073937,0.7717999480477269,0.7830882352941176,3.0,0.10044313222169876,0.10044313222169876,0.7991137504577637,False,True,0.5,128,True,1.0,1.0,,0.5635235905647278,,,,,,,,,-0.003696857670979603,-0.003696857670979603,-0.0027857478484624165
runs/rpgcl_auto_selector_controls_splits0-9_e50/Cora_rpgcl_hpfs_seed0_split1_e50,Cora,rpgcl_hpfs,0,1,0.7795748613678374,0.7795748613678374,0.742322815240665,0.7904411764705882,0.01,0.10044313222169876,0.10044313222169876,0.7991137504577637,False,True,0.5,128,True,1.0,1.0,,0.5635236501693726,,,,,,,,,-0.02402957486136781,-0.02402957486136781,-0.036743008424803936
runs/rpgcl_auto_selector_controls_splits0-9_e50/Cora_rpgcl_hpfs_seed0_split2_e50,Cora,rpgcl_hpfs,0,2,0.7846580406654344,0.7846580406654344,0.7528025790390231,0.7867647058823529,0.1,0.10044313222169876,0.10044313222169876,0.7991137504577637,False,True,0.5,128,True,1.0,1.0,,0.5635236501693726,,,,,,,,,-0.01663585951940849,-0.01663585951940849,-0.0276535838574844
runs/rpgcl_auto_selector_controls_splits0-9_e50/Cora_rpgcl_hpfs_seed0_split3_e50,Cora,rpgcl_hpfs,0,3,0.7754158964879853,0.7754158964879853,0.7474442908578552,0.8088235294117647,0.3,0.10044313222169876,0.10044313222169876,0.7991137504577637,False,True,0.5,128,True,1.0,1.0,,0.5635236501693726,,,,,,,,,-0.007393715341959317,-0.007393715341959317,-0.014585836912032968
runs/rpgcl_auto_selector_controls_splits0-9_e50/Cora_rpgcl_hpfs_seed0_split4_e50,Cora,rpgcl_hpfs,0,4,0.7777264325323475,0.7777264325323475,0.7545498408002119,0.7683823529411765,1.0,0.10044313222169876,0.10044313222169876,0.7991137504577637,False,True,0.5,128,True,1.0,1.0,,0.5635236501693726,,,,,,,,,0.002310536044362266,0.002310536044362266,-0.010288972563101795
runs/rpgcl_auto_selector_controls_splits0-9_e50/Cora_rpgcl_hpfs_seed0_split5_e50,Cora,rpgcl_hpfs,0,5,0.7795748613678374,0.7795748613678374,0.7520469527165761,0.8235294117647058,0.3,0.10044313222169876,0.10044313222169876,0.7991137504577637,False,True,0.5,128,True,1.0,1.0,,0.5635236501693726,,,,,,,,,-0.010628465804066511,-0.010628465804066511,-0.016297481510852863
runs/rpgcl_auto_selector_controls_splits0-9_e50/Cora_rpgcl_hpfs_seed0_split6_e50,Cora,rpgcl_hpfs,0,6,0.7855822550831792,0.7855822550831792,0.7593058743671002,0.7573529411764706,3.0,0.10044313222169876,0.10044313222169876,0.7991137504577637,False,True,0.5,128,True,1.0,1.0,,0.5635235905647278,,,,,,,,,-0.013863216266173817,-0.013863216266173817,-0.018193425075283987
runs/rpgcl_auto_selector_controls_splits0-9_e50/Cora_rpgcl_hpfs_seed0_split7_e50,Cora,rpgcl_hpfs,0,7,0.7740295748613678,0.7740295748613678,0.7473049920804485,0.7977941176470589,0.3,0.10044313222169876,0.10044313222169876,0.7991137504577637,False,True,0.5,128,True,1.0,1.0,,0.5635236501693726,,,,,,,,,-0.021256931608133134,-0.021256931608133134,-0.03810633275858999
runs/rpgcl_auto_selector_controls_splits0-9_e50/Cora_rpgcl_hpfs_seed0_split8_e50,Cora,rpgcl_hpfs,0,8,0.7698706099815157,0.7698706099815157,0.7495013754513951,0.8014705882352942,3.0,0.10044313222169876,0.10044313222169876,0.7991137504577637,False,True,0.5,128,True,1.0,1.0,,0.5635236501693726,,,,,,,,,-0.01802218114602594,-0.01802218114602594,-0.017529026023548888
runs/rpgcl_auto_selector_controls_splits0-9_e50/Cora_rpgcl_hpfs_seed0_split9_e50,Cora,rpgcl_hpfs,0,9,0.7749537892791127,0.7749537892791127,0.7558615756445481,0.8198529411764706,10.0,0.10044313222169876,0.10044313222169876,0.7991137504577637,False,True,0.5,128,True,1.0,1.0,,0.5635236501693726,,,,,,,,,-0.018946395563770757,-0.018946395563770757,-0.01733600783520306
runs/rpgcl_auto_selector_controls_splits0-9_e50/PubMed_grace_seed0_split0_e50,PubMed,grace,0,0,0.8357319469980347,0.8357319469980347,0.8317170329548671,0.8331643002028397,0.1,0.10001521557569504,0.10001521557569504,0.7999695539474487,False,False,0.5,128,False,1.0,1.0,,,,,,,,,,,,,
runs/rpgcl_auto_selector_controls_splits0-9_e50/PubMed_grace_seed0_split1_e50,PubMed,grace,0,1,0.8370633360806441,0.8370633360806441,0.8324789536550723,0.8286004056795132,0.1,0.10001521557569504,0.10001521557569504,0.7999695539474487,False,False,0.5,128,False,1.0,1.0,,,,,,,,,,,,,
runs/rpgcl_auto_selector_controls_splits0-9_e50/PubMed_grace_seed0_split2_e50,PubMed,grace,0,2,0.8342737589551765,0.8342737589551765,0.8300528025769993,0.842292089249493,0.1,0.10001521557569504,0.10001521557569504,0.7999695539474487,False,False,0.5,128,False,1.0,1.0,,,,,,,,,,,,,
runs/rpgcl_auto_selector_controls_splits0-9_e50/PubMed_grace_seed0_split3_e50,PubMed,grace,0,3,0.8357953464781589,0.8357953464781589,0.8312446614333594,0.8356997971602435,0.3,0.10001521557569504,0.10001521557569504,0.7999695539474487,False,False,0.5,128,False,1.0,1.0,,,,,,,,,,,,,
runs/rpgcl_auto_selector_controls_splits0-9_e50/PubMed_grace_seed0_split4_e50,PubMed,grace,0,4,0.8311037849489634,0.8311037849489634,0.8249072019841716,0.8407707910750507,1.0,0.10001521557569504,0.10001521557569504,0.7999695539474487,False,False,0.5,128,False,1.0,1.0,,,,,,,,,,,,,
runs/rpgcl_auto_selector_controls_splits0-9_e50/PubMed_grace_seed0_split5_e50,PubMed,grace,0,5,0.8328789703924427,0.8328789703924427,0.8292859939843035,0.8453346855983773,1.0,0.10001521557569504,0.10001521557569504,0.7999695539474487,False,False,0.5,128,False,1.0,1.0,,,,,,,,,,,,,
runs/rpgcl_auto_selector_controls_splits0-9_e50/PubMed_grace_seed0_split6_e50,PubMed,grace,0,6,0.8378241298421353,0.8378241298421353,0.8333270533543748,0.8433062880324543,0.3,0.10001521557569504,0.10001521557569504,0.7999695539474487,False,False,0.5,128,False,1.0,1.0,,,,,,,,,,,,,
runs/rpgcl_auto_selector_controls_splits0-9_e50/PubMed_grace_seed0_split7_e50,PubMed,grace,0,7,0.8290116021048627,0.8290116021048627,0.8246977231779393,0.8392494929006086,0.03,0.10001521557569504,0.10001521557569504,0.7999695539474487,False,False,0.5,128,False,1.0,1.0,,,,,,,,,,,,,
runs/rpgcl_auto_selector_controls_splits0-9_e50/PubMed_grace_seed0_split8_e50,PubMed,grace,0,8,0.8275534140620047,0.8275534140620047,0.8222247325734142,0.8331643002028397,10.0,0.10001521557569504,0.10001521557569504,0.7999695539474487,False,False,0.5,128,False,1.0,1.0,,,,,,,,,,,,,
runs/rpgcl_auto_selector_controls_splits0-9_e50/PubMed_grace_seed0_split9_e50,PubMed,grace,0,9,0.8297089963862296,0.8297089963862296,0.8242699282242256,0.8321501014198783,1.0,0.10001521557569504,0.10001521557569504,0.7999695539474487,False,False,0.5,128,False,1.0,1.0,,,,,,,,,,,,,
runs/rpgcl_auto_selector_controls_splits0-9_e50/PubMed_hpfs_gcl_seed0_split0_e50,PubMed,hpfs_gcl,0,0,0.8345273568756736,0.8345273568756736,0.8306897040945271,0.8351926977687627,0.1,0.10001521557569504,0.10001521557569504,0.7999695539474487,False,True,0.5,128,False,1.0,1.0,,0.6822049021720886,,,,,,,,,-0.001204590122361071,-0.001204590122361071,-0.00102732886033996
runs/rpgcl_auto_selector_controls_splits0-9_e50/PubMed_hpfs_gcl_seed0_split1_e50,PubMed,hpfs_gcl,0,1,0.8343371584353009,0.8343371584353009,0.8296082470945056,0.8265720081135902,0.3,0.10001521557569504,0.10001521557569504,0.7999695539474487,False,True,0.5,128,False,1.0,1.0,,0.6822049617767334,,,,,,,,,-0.0027261776453432196,-0.0027261776453432196,-0.0028707065605666493
runs/rpgcl_auto_selector_controls_splits0-9_e50/PubMed_hpfs_gcl_seed0_split2_e50,PubMed,hpfs_gcl,0,2,0.8338299625943068,0.8338299625943068,0.8292896528115116,0.8412778904665315,0.1,0.10001521557569504,0.10001521557569504,0.7999695539474487,False,True,0.5,128,False,1.0,1.0,,0.6822049617767334,,,,,,,,,-0.0004437963608697748,-0.0004437963608697748,-0.0007631497654877473
runs/rpgcl_auto_selector_controls_splits0-9_e50/PubMed_hpfs_gcl_seed0_split3_e50,PubMed,hpfs_gcl,0,3,0.8366829391998986,0.8366829391998986,0.832202139711432,0.8356997971602435,0.1,0.10001521557569504,0.10001521557569504,0.7999695539474487,False,True,0.5,128,False,1.0,1.0,,0.6822049021720886,,,,,,,,,0.0008875927217396606,0.0008875927217396606,0.0009574782780725766
runs/rpgcl_auto_selector_controls_splits0-9_e50/PubMed_hpfs_gcl_seed0_split4_e50,PubMed,hpfs_gcl,0,4,0.8277436125023775,0.8277436125023775,0.8214069985440196,0.8377281947261663,3.0,0.10001521557569504,0.10001521557569504,0.7999695539474487,False,True,0.5,128,False,1.0,1.0,,0.6822049617767334,,,,,,,,,-0.0033601724465859295,-0.0033601724465859295,-0.0035002034401520055
runs/rpgcl_auto_selector_controls_splits0-9_e50/PubMed_hpfs_gcl_seed0_split5_e50,PubMed,hpfs_gcl,0,5,0.8328789703924427,0.8328789703924427,0.8293743597504033,0.842292089249493,1.0,0.10001521557569504,0.10001521557569504,0.7999695539474487,False,True,0.5,128,False,1.0,1.0,,0.6822049617767334,,,,,,,,,0.0,0.0,8.836576609982938e-05
runs/rpgcl_auto_selector_controls_splits0-9_e50/PubMed_hpfs_gcl_seed0_split6_e50,PubMed,hpfs_gcl,0,6,0.8388385215241235,0.8388385215241235,0.8346816676765375,0.8417849898580122,0.1,0.10001521557569504,0.10001521557569504,0.7999695539474487,False,True,0.5,128,False,1.0,1.0,,0.6822049021720886,,,,,,,,,0.001014391681988247,0.001014391681988247,0.0013546143221626616
runs/rpgcl_auto_selector_controls_splits0-9_e50/PubMed_hpfs_gcl_seed0_split7_e50,PubMed,hpfs_gcl,0,7,0.8344005579154251,0.8344005579154251,0.829799611775961,0.842292089249493,0.1,0.10001521557569504,0.10001521557569504,0.7999695539474487,False,True,0.5,128,False,1.0,1.0,,0.6822049617767334,,,,,,,,,0.0053889558105624236,0.0053889558105624236,0.005101888598021631
runs/rpgcl_auto_selector_controls_splits0-9_e50/PubMed_hpfs_gcl_seed0_split8_e50,PubMed,hpfs_gcl,0,8,0.8313573828694605,0.8313573828694605,0.8260238744445246,0.8362068965517241,3.0,0.10001521557569504,0.10001521557569504,0.7999695539474487,False,True,0.5,128,False,1.0,1.0,,0.6822049617767334,,,,,,,,,0.0038039688074558153,0.0038039688074558153,0.003799141871110412
runs/rpgcl_auto_selector_controls_splits0-9_e50/PubMed_hpfs_gcl_seed0_split9_e50,PubMed,hpfs_gcl,0,9,0.836048944398656,0.836048944398656,0.8309391891210088,0.8336713995943205,0.3,0.10001521557569504,0.10001521557569504,0.7999695539474487,False,True,0.5,128,False,1.0,1.0,,0.6822049617767334,,,,,,,,,0.006339948012426322,0.006339948012426322,0.006669260896783213
runs/rpgcl_auto_selector_controls_splits0-9_e50/PubMed_raw_features_seed0_split0_e50,PubMed,raw_features,0,0,0.8293285995054841,0.8293285995054841,0.828937172087587,0.8250507099391481,0.01,0.10001521557569504,0.10001521557569504,0.7999695539474487,False,False,0.5,128,False,1.0,1.0,,,,,,,,,,,-0.00640334749255056,-0.00640334749255056,-0.002779860867280104
runs/rpgcl_auto_selector_controls_splits0-9_e50/PubMed_raw_features_seed0_split1_e50,PubMed,raw_features,0,1,0.8356051480377861,0.8356051480377861,0.833133587342273,0.8387423935091278,0.01,0.10001521557569504,0.10001521557569504,0.7999695539474487,False,False,0.5,128,False,1.0,1.0,,,,,,,,,,,-0.0014581880428580218,-0.0014581880428580218,0.0006546336872007563
runs/rpgcl_auto_selector_controls_splits0-9_e50/PubMed_raw_features_seed0_split2_e50,PubMed,raw_features,0,2,0.8312939833893362,0.8312939833893362,0.8301992881257184,0.8275862068965517,0.01,0.10001521557569504,0.10001521557569504,0.7999695539474487,False,False,0.5,128,False,1.0,1.0,,,,,,,,,,,-0.0029797755658402814,-0.0029797755658402814,0.0001464855487190997
runs/rpgcl_auto_selector_controls_splits0-9_e50/PubMed_raw_features_seed0_split3_e50,PubMed,raw_features,0,3,0.8266024218601408,0.8266024218601408,0.8242096283309926,0.8240365111561866,0.01,0.10001521557569504,0.10001521557569504,0.7999695539474487,False,False,0.5,128,False,1.0,1.0,,,,,,,,,,,-0.009192924618018128,-0.009192924618018128,-0.00703503310236675
runs/rpgcl_auto_selector_controls_splits0-9_e50/PubMed_raw_features_seed0_split4_e50,PubMed,raw_features,0,4,0.8332593672731884,0.8332593672731884,0.8305718801150257,0.8397565922920892,0.01,0.10001521557569504,0.10001521557569504,0.7999695539474487,False,False,0.5,128,False,1.0,1.0,,,,,,,,,,,0.0021555823242249694,0.0021555823242249694,0.005664678130854139
runs/rpgcl_auto_selector_controls_splits0-9_e50/PubMed_raw_features_seed0_split5_e50,PubMed,raw_features,0,5,0.8318011792303303,0.8318011792303303,0.8297082017654631,0.84026369168357,0.01,0.10001521557569504,0.10001521557569504,0.7999695539474487,False,False,0.5,128,False,1.0,1.0,,,,,,,,,,,-0.0010777911621124847,-0.0010777911621124847,0.00042220778115964475
runs/rpgcl_auto_selector_controls_splits0-9_e50/PubMed_raw_features_seed0_split6_e50,PubMed,raw_features,0,6,0.8379509288023839,0.8379509288023839,0.8361523916309235,0.8311359026369168,0.01,0.10001521557569504,0.10001521557569504,0.7999695539474487,False,False,0.5,128,False,1.0,1.0,,,,,,,,,,,0.0001267989602485864,0.0001267989602485864,0.002825338276548628
runs/rpgcl_auto_selector_controls_splits0-9_e50/PubMed_raw_features_seed0_split7_e50,PubMed,raw_features,0,7,0.831737779750206,0.831737779750206,0.830002663462139,0.8412778904665315,0.01,0.10001521557569504,0.10001521557569504,0.7999695539474487,False,False,0.5,128,False,1.0,1.0,,,,,,,,,,,0.0027261776453433306,0.0027261776453433306,0.0053049402841996995
runs/rpgcl_auto_selector_controls_splits0-9_e50/PubMed_raw_features_seed0_split8_e50,PubMed,raw_features,0,8,0.8268560197806378,0.8268560197806378,0.8256715779347017,0.8220081135902637,0.01,0.10001521557569504,0.10001521557569504,0.7999695539474487,False,False,0.5,128,False,1.0,1.0,,,,,,,,,,,-0.0006973942813668366,-0.0006973942813668366,0.003446845361287476
runs/rpgcl_auto_selector_controls_splits0-9_e50/PubMed_raw_features_seed0_split9_e50,PubMed,raw_features,0,9,0.8324985735116972,0.8324985735116972,0.8304643853480324,0.8230223123732252,0.01,0.10001521557569504,0.10001521557569504,0.7999695539474487,False,False,0.5,128,False,1.0,1.0,,,,,,,,,,,0.0027895771254675683,0.0027895771254675683,0.006194457123806729
runs/rpgcl_auto_selector_controls_splits0-9_e50/PubMed_rpgcl_auto_seed0_split0_e50,PubMed,rpgcl_auto,0,0,0.8493628352247512,0.8493628352247512,0.8477309008199221,0.84026369168357,0.01,0.10001521557569504,0.10001521557569504,0.7999695539474487,False,True,0.5,128,True,1.0,1.0,raw_preserved_hpfs,0.6822049617767334,0.8351926977687627,0.8345273568756736,0.84026369168357,0.8493628352247512,0.8250507099391481,0.8293285995054841,raw_preserved_hpfs,0.8493628352247512,0.013630888226716542,0.013630888226716542,0.016013867865054987
runs/rpgcl_auto_selector_controls_splits0-9_e50/PubMed_rpgcl_auto_seed0_split1_e50,PubMed,rpgcl_auto,0,1,0.8576047676409053,0.8576047676409053,0.8540342703301241,0.8498985801217038,0.01,0.10001521557569504,0.10001521557569504,0.7999695539474487,False,True,0.5,128,True,1.0,1.0,raw_preserved_hpfs,0.6822049617767334,0.827079107505071,0.8349711532365435,0.8498985801217038,0.8576047676409053,0.8387423935091278,0.8356051480377861,raw_preserved_hpfs,0.8576047676409053,0.020541431560261225,0.020541431560261225,0.02155531667505184
runs/rpgcl_auto_selector_controls_splits0-9_e50/PubMed_rpgcl_auto_seed0_split2_e50,PubMed,rpgcl_auto,0,2,0.8498700310657452,0.8498700310657452,0.8469171439412543,0.8493914807302231,0.01,0.10001521557569504,0.10001521557569504,0.7999695539474487,False,True,0.5,128,True,1.0,1.0,raw_preserved_hpfs,0.6822049617767334,0.8407707910750507,0.8339567615545552,0.8493914807302231,0.8498700310657452,0.8275862068965517,0.8312939833893362,raw_preserved_hpfs,0.8498700310657452,0.015596272110568687,0.015596272110568687,0.016864341364254964
runs/rpgcl_auto_selector_controls_splits0-9_e50/PubMed_rpgcl_auto_seed0_split3_e50,PubMed,rpgcl_auto,0,3,0.8490458378241298,0.8490458378241298,0.8466550714615458,0.8427991886409736,0.01,0.10001521557569504,0.10001521557569504,0.7999695539474487,False,True,0.5,128,True,1.0,1.0,raw_preserved_hpfs,0.6822049021720886,0.8351926977687627,0.8371267355607684,0.8427991886409736,0.8490458378241298,0.8240365111561866,0.8266024218601408,raw_preserved_hpfs,0.8490458378241298,0.013250491345970894,0.013250491345970894,0.015410410028186439
runs/rpgcl_auto_selector_controls_splits0-9_e50/PubMed_rpgcl_auto_seed0_split4_e50,PubMed,rpgcl_auto,0,4,0.8492994357446269,0.8492994357446269,0.8459634341164399,0.8569979716024341,0.01,0.10001521557569504,0.10001521557569504,0.7999695539474487,False,True,0.5,128,True,1.0,1.0,raw_preserved_hpfs,0.6822049021720886,0.8412778904665315,0.8275534140620047,0.8569979716024341,0.8492994357446269,0.8397565922920892,0.8332593672731884,raw_preserved_hpfs,0.8492994357446269,0.01819565079566343,0.01819565079566343,0.02105623213226837
runs/rpgcl_auto_selector_controls_splits0-9_e50/PubMed_rpgcl_auto_seed0_split5_e50,PubMed,rpgcl_auto,0,5,0.8493628352247512,0.8493628352247512,0.8473730791510339,0.8504056795131846,0.01,0.10001521557569504,0.10001521557569504,0.7999695539474487,False,True,0.5,128,True,1.0,1.0,raw_preserved_hpfs,0.6822049617767334,0.8427991886409736,0.8327521714321943,0.8504056795131846,0.8493628352247512,0.84026369168357,0.8318011792303303,raw_preserved_hpfs,0.8493628352247512,0.01648386483230846,0.01648386483230846,0.01808708516673041
runs/rpgcl_auto_selector_controls_splits0-9_e50/PubMed_rpgcl_auto_seed0_split6_e50,PubMed,rpgcl_auto,0,6,0.8533570024725797,0.8533570024725797,0.8516772028563188,0.8529411764705882,0.01,0.10001521557569504,0.10001521557569504,0.7999695539474487,False,True,0.5,128,True,1.0,1.0,raw_preserved_hpfs,0.6822049617767334,0.8412778904665315,0.8386483230837507,0.8529411764705882,0.8533570024725797,0.8311359026369168,0.8379509288023839,raw_preserved_hpfs,0.8533570024725797,0.01553287263044445,0.01553287263044445,0.018350149501943913
runs/rpgcl_auto_selector_controls_splits0-9_e50/PubMed_rpgcl_auto_seed0_split7_e50,PubMed,rpgcl_auto,0,7,0.8528498066315856,0.8528498066315856,0.8504285821628096,0.8595334685598377,0.01,0.10001521557569504,0.10001521557569504,0.7999695539474487,False,True,0.5,128,True,1.0,1.0,raw_preserved_hpfs,0.6822049021720886,0.842292089249493,0.8343371584353009,0.8595334685598377,0.8528498066315856,0.8412778904665315,0.831737779750206,raw_preserved_hpfs,0.8528498066315856,0.023838204526722917,0.023838204526722917,0.025730858984870264
runs/rpgcl_auto_selector_controls_splits0-9_e50/PubMed_rpgcl_auto_seed0_split8_e50,PubMed,rpgcl_auto,0,8,0.8487922399036328,0.8487922399036328,0.8466509815107788,0.8407707910750507,0.01,0.10001521557569504,0.10001521557569504,0.7999695539474487,False,True,0.5,128,True,1.0,1.0,raw_preserved_hpfs,0.6822049617767334,0.8356997971602435,0.8338299625943068,0.8407707910750507,0.8487922399036328,0.8220081135902637,0.8268560197806378,raw_preserved_hpfs,0.8487922399036328,0.021238825841628173,0.021238825841628173,0.02442624893736456
runs/rpgcl_auto_selector_controls_splits0-9_e50/PubMed_rpgcl_auto_seed0_split9_e50,PubMed,rpgcl_auto,0,9,0.8515818170291004,0.8515818170291004,0.8483684523385383,0.8498985801217038,0.01,0.10001521557569504,0.10001521557569504,0.7999695539474487,False,True,0.5,128,True,1.0,1.0,raw_preserved_hpfs,0.6822049617767334,0.8326572008113591,0.835351550117289,0.8498985801217038,0.8515818170291004,0.8230223123732252,0.8324985735116972,raw_preserved_hpfs,0.8515818170291004,0.02187282064287077,0.02187282064287077,0.02409852411431268
runs/rpgcl_auto_selector_controls_splits0-9_e50/PubMed_rpgcl_hpfs_seed0_split0_e50,PubMed,rpgcl_hpfs,0,0,0.8494262347048754,0.8494262347048754,0.8478233983562324,0.8397565922920892,0.01,0.10001521557569504,0.10001521557569504,0.7999695539474487,False,True,0.5,128,True,1.0,1.0,,0.6822049021720886,,,,,,,,,0.01369428770684078,0.01369428770684078,0.01610636540136534
runs/rpgcl_auto_selector_controls_splits0-9_e50/PubMed_rpgcl_hpfs_seed0_split1_e50,PubMed,rpgcl_hpfs,0,1,0.8579217650415266,0.8579217650415266,0.8543567932011659,0.8509127789046653,0.01,0.10001521557569504,0.10001521557569504,0.7999695539474487,False,True,0.5,128,True,1.0,1.0,,0.6822049617767334,,,,,,,,,0.020858428960882525,0.020858428960882525,0.02187783954609357
runs/rpgcl_auto_selector_controls_splits0-9_e50/PubMed_rpgcl_hpfs_seed0_split2_e50,PubMed,rpgcl_hpfs,0,2,0.849806631585621,0.849806631585621,0.8468897842653581,0.8493914807302231,0.01,0.10001521557569504,0.10001521557569504,0.7999695539474487,False,True,0.5,128,True,1.0,1.0,,0.6822049617767334,,,,,,,,,0.01553287263044445,0.01553287263044445,0.016836981688358788
runs/rpgcl_auto_selector_controls_splits0-9_e50/PubMed_rpgcl_hpfs_seed0_split3_e50,PubMed,rpgcl_hpfs,0,3,0.8489824383440056,0.8489824383440056,0.8465920979658151,0.842292089249493,0.01,0.10001521557569504,0.10001521557569504,0.7999695539474487,False,True,0.5,128,True,1.0,1.0,,0.6822049617767334,,,,,,,,,0.013187091865846656,0.013187091865846656,0.015347436532455738
runs/rpgcl_auto_selector_controls_splits0-9_e50/PubMed_rpgcl_hpfs_seed0_split4_e50,PubMed,rpgcl_hpfs,0,4,0.8493628352247512,0.8493628352247512,0.8460356592489511,0.8569979716024341,0.01,0.10001521557569504,0.10001521557569504,0.7999695539474487,False,True,0.5,128,True,1.0,1.0,,0.6822049021720886,,,,,,,,,0.01825905027578778,0.01825905027578778,0.02112845726477952
runs/rpgcl_auto_selector_controls_splits0-9_e50/PubMed_rpgcl_hpfs_seed0_split5_e50,PubMed,rpgcl_hpfs,0,5,0.8492360362645026,0.8492360362645026,0.8472453477665022,0.8504056795131846,0.01,0.10001521557569504,0.10001521557569504,0.7999695539474487,False,True,0.5,128,True,1.0,1.0,,0.6822049021720886,,,,,,,,,0.016357065872059873,0.016357065872059873,0.017959353782198706
runs/rpgcl_auto_selector_controls_splits0-9_e50/PubMed_rpgcl_hpfs_seed0_split6_e50,PubMed,rpgcl_hpfs,0,6,0.8536106003930768,0.8536106003930768,0.8519386207561057,0.8539553752535497,0.01,0.10001521557569504,0.10001521557569504,0.7999695539474487,False,True,0.5,128,True,1.0,1.0,,0.6822049617767334,,,,,,,,,0.01578647055094151,0.01578647055094151,0.018611567401730866
runs/rpgcl_auto_selector_controls_splits0-9_e50/PubMed_rpgcl_hpfs_seed0_split7_e50,PubMed,rpgcl_hpfs,0,7,0.8530400050719584,0.8530400050719584,0.8506285918832592,0.8595334685598377,0.01,0.10001521557569504,0.10001521557569504,0.7999695539474487,False,True,0.5,128,True,1.0,1.0,,0.6822049617767334,,,,,,,,,0.02402840296709574,0.02402840296709574,0.02593086870531991
runs/rpgcl_auto_selector_controls_splits0-9_e50/PubMed_rpgcl_hpfs_seed0_split8_e50,PubMed,rpgcl_hpfs,0,8,0.8485386419831358,0.8485386419831358,0.8463302017677963,0.842292089249493,0.01,0.10001521557569504,0.10001521557569504,0.7999695539474487,False,True,0.5,128,True,1.0,1.0,,0.6822049021720886,,,,,,,,,0.02098522792113111,0.02098522792113111,0.024105469194382056
runs/rpgcl_auto_selector_controls_splits0-9_e50/PubMed_rpgcl_hpfs_seed0_split9_e50,PubMed,rpgcl_hpfs,0,9,0.8518354149495974,0.8518354149495974,0.8486105134628054,0.8493914807302231,0.01,0.10001521557569504,0.10001521557569504,0.7999695539474487,False,True,0.5,128,True,1.0,1.0,,0.6822049617767334,,,,,,,,,0.022126418563367722,0.022126418563367722,0.024340585238579737
